-- phpMyAdmin SQL Dump
-- version 5.1.0
-- https://www.phpmyadmin.net/
--
-- Host: 127.0.0.1
-- Generation Time: Aug 20, 2021 at 03:44 AM
-- Server version: 10.4.18-MariaDB
-- PHP Version: 8.0.3

SET SQL_MODE = "NO_AUTO_VALUE_ON_ZERO";
START TRANSACTION;
SET time_zone = "+00:00";


/*!40101 SET @OLD_CHARACTER_SET_CLIENT=@@CHARACTER_SET_CLIENT */;
/*!40101 SET @OLD_CHARACTER_SET_RESULTS=@@CHARACTER_SET_RESULTS */;
/*!40101 SET @OLD_COLLATION_CONNECTION=@@COLLATION_CONNECTION */;
/*!40101 SET NAMES utf8mb4 */;

--
-- Database: `labify`
--

-- --------------------------------------------------------

--
-- Table structure for table `departments`
--

CREATE TABLE `departments` (
  `DepartmentID` int(11) NOT NULL,
  `DepartmentName` varchar(50) NOT NULL
) ENGINE=InnoDB DEFAULT CHARSET=utf8mb4;

--
-- Dumping data for table `departments`
--

INSERT INTO `departments` (`DepartmentID`, `DepartmentName`) VALUES
(4, 'Hardware'),
(5, 'Software');

-- --------------------------------------------------------

--
-- Table structure for table `markets`
--

CREATE TABLE `markets` (
  `MarketID` int(11) NOT NULL,
  `MarketName` varchar(50) NOT NULL
) ENGINE=InnoDB DEFAULT CHARSET=utf8mb4;

--
-- Dumping data for table `markets`
--

INSERT INTO `markets` (`MarketID`, `MarketName`) VALUES
(1, 'abc'),
(3, 'sadsa');

-- --------------------------------------------------------

--
-- Table structure for table `products`
--

CREATE TABLE `products` (
  `ProductID` int(11) NOT NULL,
  `ProductCode` int(50) NOT NULL,
  `ProductName` varchar(50) NOT NULL
) ENGINE=InnoDB DEFAULT CHARSET=utf8mb4;

--
-- Dumping data for table `products`
--

INSERT INTO `products` (`ProductID`, `ProductCode`, `ProductName`) VALUES
(1, 10001, 'SM_Microwave Open'),
(2, 10002, 'Haier_Washing Machine');

-- --------------------------------------------------------

--
-- Table structure for table `producttesting`
--

CREATE TABLE `producttesting` (
  `ProductTestID` int(11) NOT NULL,
  `ProductCode` int(11) NOT NULL,
  `TestID` int(11) NOT NULL,
  `UserID` int(11) NOT NULL,
  `Remarks` varchar(250) NOT NULL
) ENGINE=InnoDB DEFAULT CHARSET=utf8mb4;

--
-- Dumping data for table `producttesting`
--

INSERT INTO `producttesting` (`ProductTestID`, `ProductCode`, `TestID`, `UserID`, `Remarks`) VALUES
(3, 10002, 2, 3, 'Well worked'),
(4, 10001, 3, 5, 'Minor problems');

-- --------------------------------------------------------

--
-- Table structure for table `result`
--

CREATE TABLE `result` (
  `ResultID` int(11) NOT NULL,
  `ProductID` int(11) NOT NULL,
  `ProductStatus` varchar(50) NOT NULL
) ENGINE=InnoDB DEFAULT CHARSET=utf8mb4;

--
-- Dumping data for table `result`
--

INSERT INTO `result` (`ResultID`, `ProductID`, `ProductStatus`) VALUES
(1, 2, 'Passed'),
(2, 1, 'pending'),
(3, 1, '2 days left'),
(4, 1, '1 week ');

-- --------------------------------------------------------

--
-- Table structure for table `roles`
--

CREATE TABLE `roles` (
  `RoleID` int(11) NOT NULL,
  `RoleName` varchar(50) NOT NULL
) ENGINE=InnoDB DEFAULT CHARSET=utf8mb4;

--
-- Dumping data for table `roles`
--

INSERT INTO `roles` (`RoleID`, `RoleName`) VALUES
(8, 'Admin'),
(9, 'Employee');

-- --------------------------------------------------------

--
-- Table structure for table `shipment`
--

CREATE TABLE `shipment` (
  `ShipmentID` int(11) NOT NULL,
  `MarketID` int(11) NOT NULL,
  `ProductID` int(11) NOT NULL
) ENGINE=InnoDB DEFAULT CHARSET=utf8mb4;

-- --------------------------------------------------------

--
-- Table structure for table `testing`
--

CREATE TABLE `testing` (
  `TestID` int(11) NOT NULL,
  `TestName` varchar(50) NOT NULL,
  `DepartmentID` int(11) NOT NULL
) ENGINE=InnoDB DEFAULT CHARSET=utf8mb4;

--
-- Dumping data for table `testing`
--

INSERT INTO `testing` (`TestID`, `TestName`, `DepartmentID`) VALUES
(2, 'Component Quality assurance', 4),
(3, 'Modular Working', 4),
(4, 'Security Testing', 4),
(5, 'Testing Under Extreme Conditions', 4),
(6, 'Logic Testing', 5),
(7, 'Error Detection and Correction', 5),
(8, 'Unit Testing', 5),
(10, 'abc', 4);

-- --------------------------------------------------------

--
-- Table structure for table `users`
--

CREATE TABLE `users` (
  `UserID` int(11) NOT NULL,
  `UserName` varchar(50) NOT NULL,
  `UserContatct` int(12) NOT NULL,
  `UserEmail` varchar(50) NOT NULL,
  `UserPassword` varchar(50) NOT NULL,
  `UserImage` varchar(250) NOT NULL,
  `RoleID` int(11) NOT NULL
) ENGINE=InnoDB DEFAULT CHARSET=utf8mb4;

--
-- Dumping data for table `users`
--

INSERT INTO `users` (`UserID`, `UserName`, `UserContatct`, `UserEmail`, `UserPassword`, `UserImage`, `RoleID`) VALUES
(3, 'Sameer Khan', 316113273, 'sameer@gmail.com', 'aptech', '', 8),
(5, 'Sufiyan Ahmed', 321268665, 'sufyan@gmail.com', 'aptech', '', 9);

--
-- Indexes for dumped tables
--

--
-- Indexes for table `departments`
--
ALTER TABLE `departments`
  ADD PRIMARY KEY (`DepartmentID`);

--
-- Indexes for table `markets`
--
ALTER TABLE `markets`
  ADD PRIMARY KEY (`MarketID`);

--
-- Indexes for table `products`
--
ALTER TABLE `products`
  ADD PRIMARY KEY (`ProductID`),
  ADD UNIQUE KEY `ProductCode` (`ProductCode`);

--
-- Indexes for table `producttesting`
--
ALTER TABLE `producttesting`
  ADD PRIMARY KEY (`ProductTestID`),
  ADD KEY `ProductCode` (`ProductCode`),
  ADD KEY `TestID` (`TestID`),
  ADD KEY `UserID` (`UserID`) USING BTREE;

--
-- Indexes for table `result`
--
ALTER TABLE `result`
  ADD PRIMARY KEY (`ResultID`),
  ADD KEY `ProductID` (`ProductID`);

--
-- Indexes for table `roles`
--
ALTER TABLE `roles`
  ADD PRIMARY KEY (`RoleID`);

--
-- Indexes for table `shipment`
--
ALTER TABLE `shipment`
  ADD PRIMARY KEY (`ShipmentID`),
  ADD KEY `MarketID` (`MarketID`),
  ADD KEY `ProductID` (`ProductID`);

--
-- Indexes for table `testing`
--
ALTER TABLE `testing`
  ADD PRIMARY KEY (`TestID`),
  ADD KEY `DepartmentID` (`DepartmentID`);

--
-- Indexes for table `users`
--
ALTER TABLE `users`
  ADD PRIMARY KEY (`UserID`),
  ADD UNIQUE KEY `UserEmail` (`UserEmail`),
  ADD UNIQUE KEY `UserContatct` (`UserContatct`),
  ADD KEY `RoleID` (`RoleID`);

--
-- AUTO_INCREMENT for dumped tables
--

--
-- AUTO_INCREMENT for table `departments`
--
ALTER TABLE `departments`
  MODIFY `DepartmentID` int(11) NOT NULL AUTO_INCREMENT, AUTO_INCREMENT=8;

--
-- AUTO_INCREMENT for table `markets`
--
ALTER TABLE `markets`
  MODIFY `MarketID` int(11) NOT NULL AUTO_INCREMENT, AUTO_INCREMENT=4;

--
-- AUTO_INCREMENT for table `products`
--
ALTER TABLE `products`
  MODIFY `ProductID` int(11) NOT NULL AUTO_INCREMENT, AUTO_INCREMENT=3;

--
-- AUTO_INCREMENT for table `producttesting`
--
ALTER TABLE `producttesting`
  MODIFY `ProductTestID` int(11) NOT NULL AUTO_INCREMENT, AUTO_INCREMENT=5;

--
-- AUTO_INCREMENT for table `result`
--
ALTER TABLE `result`
  MODIFY `ResultID` int(11) NOT NULL AUTO_INCREMENT, AUTO_INCREMENT=5;

--
-- AUTO_INCREMENT for table `roles`
--
ALTER TABLE `roles`
  MODIFY `RoleID` int(11) NOT NULL AUTO_INCREMENT, AUTO_INCREMENT=10;

--
-- AUTO_INCREMENT for table `shipment`
--
ALTER TABLE `shipment`
  MODIFY `ShipmentID` int(11) NOT NULL AUTO_INCREMENT;

--
-- AUTO_INCREMENT for table `testing`
--
ALTER TABLE `testing`
  MODIFY `TestID` int(11) NOT NULL AUTO_INCREMENT, AUTO_INCREMENT=11;

--
-- AUTO_INCREMENT for table `users`
--
ALTER TABLE `users`
  MODIFY `UserID` int(11) NOT NULL AUTO_INCREMENT, AUTO_INCREMENT=6;

--
-- Constraints for dumped tables
--

--
-- Constraints for table `producttesting`
--
ALTER TABLE `producttesting`
  ADD CONSTRAINT `producttesting_ibfk_1` FOREIGN KEY (`ProductCode`) REFERENCES `products` (`ProductCode`) ON DELETE CASCADE ON UPDATE CASCADE,
  ADD CONSTRAINT `producttesting_ibfk_2` FOREIGN KEY (`TestID`) REFERENCES `testing` (`TestID`) ON DELETE CASCADE ON UPDATE CASCADE,
  ADD CONSTRAINT `producttesting_ibfk_3` FOREIGN KEY (`UserID`) REFERENCES `users` (`UserID`) ON DELETE CASCADE ON UPDATE CASCADE;

--
-- Constraints for table `result`
--
ALTER TABLE `result`
  ADD CONSTRAINT `result_ibfk_1` FOREIGN KEY (`ProductID`) REFERENCES `products` (`ProductID`) ON DELETE CASCADE ON UPDATE CASCADE;

--
-- Constraints for table `shipment`
--
ALTER TABLE `shipment`
  ADD CONSTRAINT `shipment_ibfk_1` FOREIGN KEY (`MarketID`) REFERENCES `markets` (`MarketID`) ON DELETE CASCADE ON UPDATE CASCADE,
  ADD CONSTRAINT `shipment_ibfk_2` FOREIGN KEY (`ProductID`) REFERENCES `products` (`ProductID`) ON DELETE CASCADE ON UPDATE CASCADE;

--
-- Constraints for table `testing`
--
ALTER TABLE `testing`
  ADD CONSTRAINT `testing_ibfk_1` FOREIGN KEY (`DepartmentID`) REFERENCES `departments` (`DepartmentID`) ON DELETE CASCADE ON UPDATE CASCADE;

--
-- Constraints for table `users`
--
ALTER TABLE `users`
  ADD CONSTRAINT `users_ibfk_1` FOREIGN KEY (`RoleID`) REFERENCES `roles` (`RoleID`) ON DELETE CASCADE ON UPDATE CASCADE;
COMMIT;

/*!40101 SET CHARACTER_SET_CLIENT=@OLD_CHARACTER_SET_CLIENT */;
/*!40101 SET CHARACTER_SET_RESULTS=@OLD_CHARACTER_SET_RESULTS */;
/*!40101 SET COLLATION_CONNECTION=@OLD_COLLATION_CONNECTION */;
